Gender,Married,Dependents,Education,Self_Employed,ApplicantIncome,CoapplicantIncome,LoanAmount,Loan_Amount_Term,Credit_History,Property_Area
1,1,0,0,0,0.7601616029360204,-0.8921065602618321,-0.4685601877121183,7,1,2
1,1,1,0,0,-0.5969074096219543,0.0466227006782235,-0.1271336911872615,7,1,2
1,1,2,0,0,0.3906117961880091,0.23436855286623462,1.6226771035026297,7,1,2
1,1,2,0,0,-0.9746694342976991,0.701229905307089,-0.6819517480401538,7,0,2
1,0,0,1,0,-0.4942546855252845,-0.8921065602618321,-1.151413180761832,7,1,2
1,1,0,1,1,-1.0644905678822851,1.2494477936960815,0.42768436566563084,7,1,2
0,0,1,1,0,-1.0331814870328009,-0.8921065602618321,-1.5568571453850995,7,1,1
1,1,2,1,0,-0.18373019513285838,-0.8921065602618321,0.3209885855016131,7,0,0
1,1,2,0,0,2.1120979792891617,-0.8921065602618321,2.353543197626151,3,1,2
1,0,0,1,0,-0.9438736170686982,0.6098602572422569,-0.19115115928567214,7,1,1
1,0,0,1,0,-0.589208455314704,-0.8921065602618321,-0.8953433083681893,7,1,2
1,1,1,0,0,-1.0542252954726181,0.056635812794917424,0.6410759259936664,7,1,1
1,0,3,0,0,-0.037450063295103905,-0.8921065602618321,-1.962301110008367,2,0,2
1,1,2,0,0,2.1120979792891617,-0.8921065602618321,0.7264325501248805,7,0,1
0,0,0,0,0,0.21918174694657058,-0.8921065602618321,-0.1698120032528686,7,1,1
1,0,1,0,0,0.7329586310504029,-0.8921065602618321,-0.02043791102324374,7,1,2
1,1,2,0,0,0.1765808664464526,0.932783123005636,1.4519638552402012,7,1,2
1,1,3,0,0,-0.2324902390787765,-0.6837086643331397,-0.1271336911872615,7,1,1
1,1,0,0,0,2.1120979792891617,2.9105292209295097,2.353543197626151,7,1,2
1,0,0,0,0,-1.5084635996003821,1.2794871300461632,-0.6819517480401538,2,1,1
1,1,1,1,0,-1.2066645907561728,0.12172104155342794,-1.7915878617459384,7,1,2
0,0,3,1,0,-1.1065781847619198,-0.8921065602618321,-2.2183709824020097,2,1,2
1,0,0,0,0,-0.1693588137593246,-0.8921065602618321,-0.6606125920073502,7,1,2
0,0,0,1,0,-0.24326877510892683,-0.8921065602618321,-0.14847284722006504,7,1,2
1,1,0,0,0,0.5959172443813487,1.8489828816831302,2.353543197626151,7,1,2
1,0,0,0,0,-2.1757063062287356,2.9105292209295097,0.34232774153441664,7,0,0
1,1,2,0,0,0.06366286994011584,-0.1098321761451191,0.17161449327198822,7,0,2
1,1,0,0,0,1.6737708473963815,1.454716592088307,2.353543197626151,7,1,2
1,1,0,0,0,-0.2396759297655434,-0.37079891068645454,-1.5995354574507066,7,0,1
1,0,0,0,0,-0.6656847347667231,0.5985955061109762,-0.14847284722006504,2,1,2
0,0,0,1,0,-0.903839054670997,-0.8921065602618321,-1.2154306488602427,7,1,1
1,1,2,0,0,1.0321913217921954,-0.37893456428126837,1.281250606977773,7,1,2
1,0,0,0,0,-0.49836079448915127,0.1611476705129103,0.42768436566563084,7,1,1
1,1,0,0,0,-0.7472936504235755,0.802612665488615,0.5557193018624521,7,1,2
1,1,0,0,0,-0.7693639861043595,0.07228130047725169,-0.6606125920073502,7,1,2
1,0,0,0,0,-0.5589259017061865,-0.8921065602618321,0.939824110452916,7,0,1
1,1,2,0,0,1.5967813043238792,1.6293202346231572,1.131876514748148,2,1,2
1,1,0,0,1,-1.0121376785929836,0.855181504101258,-0.8953433083681893,7,1,2
1,0,0,0,1,0.8181603920506388,-0.8921065602618321,-0.340525251515297,7,1,2
1,0,0,0,0,-0.3058869368078954,0.33637713255505397,0.12893618120638112,7,1,2
1,1,0,0,0,0.7134546134720356,-0.3801862032958551,-0.6819517480401538,7,1,2
0,0,0,0,0,-0.30537367318741204,-0.8921065602618321,-0.4685601877121183,7,1,2
1,1,0,1,0,-1.277494970382875,0.37455212249994957,-0.8953433083681893,7,1,1
1,0,0,0,0,1.1605072269130325,0.735024158700931,1.4519638552402012,7,1,1
0,0,0,0,0,-0.2940818735367784,-0.8921065602618321,-1.0233782445650106,7,1,2
1,1,0,0,0,0.010796717030330897,1.5485895181823124,1.131876514748148,12,0,2
1,1,0,1,0,-0.038989854156553955,0.03097721299588924,0.6410759259936664,7,1,2
1,0,0,1,0,-0.9664572163699655,0.2982021426101584,-0.5112384997777254,7,1,1
1,0,0,0,0,1.3103802040941706,1.1968789550834382,1.1745548268137551,12,1,2
1,1,3,1,1,1.930402657638056,-0.7356516834384895,1.1745548268137551,7,1,1
1,1,1,0,0,-0.9341216082795145,0.17616733868795117,-0.1698120032528686,7,1,2
1,1,3,1,0,-0.3792836345370143,-0.37079891068645454,-0.2551686273840828,7,1,1
1,1,1,0,0,-0.3792836345370143,1.0335400636798686,0.5983976139280592,7,1,1
1,1,2,0,0,-0.06311324431927136,-0.2662870529684617,-2.1756926703364026,2,1,2
1,1,0,1,1,0.5409980369896303,-0.8921065602618321,-0.8526649963025822,7,1,2
1,0,0,0,0,-0.764231349899526,-0.8921065602618321,-0.04177706705604729,7,0,2
0,0,0,1,0,0.08368015113896644,-0.8921065602618321,-0.04177706705604729,7,1,0
1,1,2,0,0,-0.3212848454223959,1.3226686760494057,0.04357955707516691,2,1,1
0,1,2,0,0,-0.7493467049055089,1.400896114461077,0.939824110452916,7,0,1
1,1,3,0,0,0.24689798245267142,-0.8921065602618321,-0.8953433083681893,2,1,1
1,1,0,1,0,-0.9361746627614479,0.18492881179005835,-0.4685601877121183,7,1,1
1,1,0,0,1,1.4253512550824408,-0.709367264132168,-0.14847284722006504,7,1,2
0,0,2,0,0,0.37418736033254196,-0.8921065602618321,1.2172331388793622,7,1,1
0,0,0,0,0,-1.0973394395932194,0.0466227006782235,-0.5112384997777254,7,0,0
1,1,3,1,0,0.12884734974150117,-0.8921065602618321,-0.14847284722006504,7,1,2
1,1,0,0,0,-0.6785163252788068,1.350204734370314,0.12893618120638112,7,1,1
1,1,0,1,0,0.23663271004300443,-0.8921065602618321,0.06491871310797047,7,0,1
1,1,0,0,0,-0.40751313366359854,-0.8921065602618321,-0.04177706705604729,7,0,1
1,1,0,0,0,1.7589726083966175,-0.8921065602618321,1.1745548268137551,7,1,1
1,1,0,0,0,-0.9141043270806639,2.3027020244708236,1.1958939828465587,7,0,0
0,0,0,0,0,-0.5075995396578515,-0.8921065602618321,-0.7886475282041716,7,1,1
1,0,0,0,0,0.11498923198845074,-0.8921065602618321,-1.428822209188278,7,1,1
1,1,1,0,0,-0.08005094379522187,0.21872306518390036,0.15027533723918468,10,1,2
1,1,0,0,1,-0.17397818634367473,0.4183594880104855,2.134816848289915,7,1,0
1,1,0,1,0,0.2622958910671719,1.350204734370314,0.25697111740320244,7,1,1
1,0,0,0,0,-0.33668275403689635,1.2575834472908953,0.4917018337640415,7,1,2
1,1,0,0,0,-0.5389086205073359,0.5892082135015756,1.1532156707809516,7,1,2
1,0,0,0,1,1.0865972655634304,-0.8921065602618321,-1.7489095496803313,7,1,0
1,1,1,0,0,-0.4239375695190657,1.6443399027981982,-0.14847284722006504,7,1,1
0,1,0,0,0,1.9047394766138885,-0.8921065602618321,1.131876514748148,7,1,2
1,1,3,0,0,-0.21041990339799252,-0.20182764371724454,0.6624150820264699,7,0,2
1,1,3,0,0,2.1120979792891617,-0.8921065602618321,2.353543197626151,7,1,2
1,1,2,1,0,-0.05284797190960438,-0.8921065602618321,0.3636668975672202,8,0,0
1,1,0,0,0,2.1120979792891617,-0.8921065602618321,2.353543197626151,7,1,0
1,1,0,0,0,0.11139638664506729,-0.8921065602618321,-0.02043791102324374,2,0,1
1,1,2,0,0,0.20327057471158677,2.9105292209295097,-0.6392734359745468,2,1,0
1,1,0,0,0,-0.34284191748269655,0.30758943521955895,0.06491871310797047,7,1,2
1,0,0,0,0,-0.6020400458267877,-0.8921065602618321,-0.7886475282041716,7,1,1
1,0,2,1,0,-0.5152984939651017,0.36891974693430923,-1.1727523367946355,7,1,1
0,0,0,0,0,0.42038108617604336,-0.8921065602618321,1.4519638552402012,7,1,0
1,1,0,0,1,-0.5394218841278192,0.5385168334108127,-0.04177706705604729,7,0,0
1,1,3,0,0,2.1120979792891617,-0.8921065602618321,2.353543197626151,7,1,0
1,1,1,0,0,0.06417613356059919,0.6724422079715939,1.131876514748148,7,1,1
1,1,2,1,0,0.27050810899490546,0.13799234874305558,-0.6819517480401538,7,1,1
1,1,1,0,0,0.18992572057901969,0.5679303502536011,-0.19115115928567214,7,0,1
0,1,3,0,0,1.0373239579970288,-0.8921065602618321,-0.4685601877121183,7,1,1
1,1,1,0,0,-0.4649986591577336,1.7363353703703235,2.353543197626151,7,1,2
1,1,0,0,0,-0.3792836345370143,1.1418068384416218,0.17161449327198822,7,1,1
1,1,3,0,0,2.1120979792891617,-0.8921065602618321,-1.5141788333194923,7,1,2
1,1,3,0,0,1.3324505397749544,-0.8921065602618321,1.1958939828465587,7,0,1
1,0,0,0,0,0.1093433321631339,-0.8921065602618321,-0.02043791102324374,7,1,0
0,1,0,0,0,-1.0147039966954003,-0.8921065602618321,-0.14847284722006504,8,0,1
1,1,1,0,0,-0.1734649227231914,-0.8921065602618321,-0.340525251515297,7,1,2
1,1,2,1,0,-0.796566957989977,-0.8921065602618321,-1.7489095496803313,2,1,0
1,0,0,0,0,-1.024456005484584,0.505348399524264,-0.532577655810529,7,0,1
0,1,0,0,0,-0.42188451503713226,-0.0866768543752644,1.4519638552402012,7,1,1
1,0,0,0,0,-1.3565375679373108,0.2093357725744998,-0.27650778341688637,7,0,2
1,1,3,0,0,0.1406524130126182,-0.8921065602618321,-0.2551686273840828,7,1,0
1,1,0,0,0,0.13397998594633465,-0.8921065602618321,0.17161449327198822,7,1,1
1,1,0,1,0,0.14578504921745167,-0.04725022541578206,0.705093394092077,7,1,2
0,0,0,0,1,0.2581897821033051,-0.8921065602618321,-0.5112384997777254,7,1,1
1,1,0,0,0,-0.08056420741570522,-0.8921065602618321,-0.8313258402697787,7,1,1
0,0,0,0,0,-0.42188451503713226,-0.8921065602618321,-0.6392734359745468,7,1,2
0,1,2,0,0,-0.67595000717639,1.2331764865064538,-0.2124903153184757,7,1,1
1,1,0,0,0,-0.03693679967462056,2.083039377410851,0.5983976139280592,7,1,0
1,0,3,0,0,0.0020712354821139645,1.688147268308734,0.5343801458296485,7,0,1
0,0,0,1,0,-2.1757063062287356,0.2093357725744998,1.0251807345841302,7,1,1
1,1,1,0,0,-1.3975986575759787,0.9227700108889421,-1.1087348686962248,12,0,0
0,0,0,0,0,-1.2713358069370748,0.7763282461822933,-0.5965951239089397,7,0,2
1,1,2,0,0,-1.8041034449987912,1.304519910337898,1.7293728836666475,7,0,0
1,0,0,0,0,-0.5717574922182702,-0.8921065602618321,-1.428822209188278,7,1,2
1,1,0,0,0,-0.9782622796410826,1.4878850259748555,0.2996494294688095,7,1,0
1,1,3,0,0,-0.4562731776095167,0.08417187111582572,0.06491871310797047,7,1,2
1,0,0,0,0,-0.8925472550203633,2.9105292209295097,1.1745548268137551,7,0,0
0,0,0,0,0,2.1120979792891617,-0.8921065602618321,2.353543197626151,7,0,2
1,0,0,0,0,0.21969501056705393,-0.8921065602618321,-0.2551686273840828,7,1,1
1,0,0,0,0,1.1605072269130325,-0.8921065602618321,-1.300787272991457,7,0,2
1,1,2,0,0,1.6737708473963815,-0.8921065602618321,1.98544275606029,7,1,2
1,0,0,0,0,-0.5984472004834043,-0.8921065602618321,-1.3221264290242603,2,1,2
1,1,1,1,0,-0.4711578226035338,0.4146045709667253,-1.3221264290242603,12,1,1
1,1,0,0,0,-0.4649986591577336,-0.0973157859992517,-0.1698120032528686,7,1,2
1,0,0,0,0,-0.43522936916969934,-0.8921065602618321,0.0009012450095598114,7,1,0
1,1,1,0,1,-0.45986602295290013,0.0572616323022108,-0.5752559678761361,7,1,0
0,0,1,0,0,-0.31769200007901244,-0.8921065602618321,-0.8953433083681893,7,1,2
1,0,0,0,0,-0.12265182429533983,-0.8921065602618321,-1.0447174005978141,11,1,2
1,1,0,0,0,0.0097701897893642,-0.8921065602618321,-0.14847284722006504,7,1,2
1,1,2,0,0,0.13397998594633465,-0.8921065602618321,0.3209885855016131,7,1,0
1,1,1,0,0,-1.1419933745752708,0.9384154985712764,-0.2551686273840828,7,1,0
1,0,0,0,0,-0.4649986591577336,-0.1098321761451191,-0.4685601877121183,7,1,1
0,0,3,0,0,-0.08005094379522187,-0.8921065602618321,-0.6179342799417432,7,0,1
1,0,0,0,0,0.25049082779605486,-0.8921065602618321,0.3850060536000237,7,0,0
1,1,3,0,0,-0.5902349825556708,0.9847261421109857,-0.6819517480401538,3,1,0
1,1,3,1,0,1.3114067313351372,-0.5616738604109325,0.15027533723918468,7,0,2
1,1,0,0,1,2.1120979792891617,-0.8921065602618321,2.353543197626151,7,0,1
1,1,2,0,1,2.1120979792891617,-0.8921065602618321,2.353543197626151,0,1,0
0,0,0,0,0,2.1120979792891617,-0.8921065602618321,0.3850060536000237,4,1,2
1,0,0,1,0,-0.4942546855252845,-0.8921065602618321,-0.8953433083681893,7,1,1
1,0,0,1,1,2.1120979792891617,-0.8921065602618321,1.4306246992073977,7,0,0
1,1,1,0,0,0.2581897821033051,-0.4433939735324855,0.15027533723918468,7,1,1
1,0,0,0,0,0.8525490546230232,-0.8921065602618321,0.3850060536000237,7,1,2
1,0,0,0,0,-0.599473727724371,1.804549696665301,1.0251807345841302,7,1,2
1,1,0,0,0,-0.7472936504235755,0.019086642357315203,-0.40454271961370764,7,1,2
1,0,0,0,0,0.3906117961880091,-0.8921065602618321,0.34232774153441664,7,1,0
1,1,1,1,0,-0.9115380089782472,0.5848274769505221,-0.31918609548249344,7,0,2
1,1,2,0,0,0.31618857121792354,-0.8921065602618321,-1.2794481169586533,7,1,0
1,0,0,1,1,-1.3549977770758608,0.6561709007819663,-0.14847284722006504,4,1,1
1,1,2,0,1,0.0036110263435640113,1.7651230677058187,1.750712039699451,7,1,2
1,1,0,0,0,0.04826496132561537,0.5416459309472795,0.022240401042363363,5,1,0
1,0,1,0,0,0.8130277558458053,0.6905909736831016,1.1745548268137551,7,1,1
1,1,0,1,0,1.8765099774873044,-0.8921065602618321,0.23563196137039888,7,1,0
1,0,0,0,0,-0.04566228122283749,1.7713812627787524,1.6440162595354333,7,1,0
1,0,0,0,0,-0.6543929351160893,-0.8921065602618321,-1.0233782445650106,7,0,1
1,0,0,0,0,0.6898444869298016,-0.8921065602618321,-0.340525251515297,7,1,2
0,0,0,0,0,-0.7857884219598267,-0.8921065602618321,-1.428822209188278,7,1,0
1,0,1,0,0,-0.543527993091686,0.5910856720234557,-1.1087348686962248,3,0,0
1,0,0,1,0,-1.0116244149725002,-0.8921065602618321,0.8117891742560948,7,0,1
1,0,2,1,0,-1.5900725152572346,0.370171385948896,-0.2551686273840828,7,0,2
1,1,0,0,0,-0.6143583727183881,1.089863819336272,0.06491871310797047,7,1,2
0,1,3,0,0,-1.277494970382875,0.94467369364421,-0.8099866842369752,7,0,1
0,1,1,0,0,-0.34643476282608,-0.8921065602618321,-1.1300740247290284,7,1,0
0,0,0,0,0,-0.1442088963556405,-0.8921065602618321,-0.4685601877121183,7,1,0
1,1,2,1,0,0.12525450439811772,-0.8921065602618321,-0.04177706705604729,7,1,0
1,1,0,0,0,0.5060961107967626,-0.8921065602618321,0.23563196137039888,7,1,0
1,0,0,0,0,-0.6271899632304718,0.8883499379878067,0.5770584578952557,2,0,2
1,1,0,1,0,-0.9279624448337144,0.24688494301210204,-0.4685601877121183,7,0,0
1,1,2,0,0,0.3454445975854744,1.995424646389779,0.5983976139280592,7,1,0
1,1,2,1,0,-0.8925472550203633,1.1937498575469714,-0.02043791102324374,7,1,2
0,0,0,0,0,-0.6780030616583235,-0.8921065602618321,-1.428822209188278,7,0,0
1,1,2,0,0,0.4563095396098778,-0.8921065602618321,0.23563196137039888,7,1,0
1,1,3,0,0,2.1120979792891617,-0.8921065602618321,1.1745548268137551,7,0,2
1,1,2,0,0,-0.1442088963556405,0.7550503829343188,0.5983976139280592,7,1,1
1,1,0,0,0,0.04877822494609872,0.9509318887171437,0.705093394092077,7,1,1
1,1,2,0,0,0.0610965518376991,-0.8921065602618321,-0.4685601877121183,7,1,2
0,1,1,0,0,-0.12265182429533983,1.5592284498062998,0.8758066423545054,7,1,0
1,1,3,0,0,2.1120979792891617,-0.4227419297918043,0.3850060536000237,12,1,2
1,1,0,1,0,0.12525450439811772,-0.8921065602618321,0.06491871310797047,7,0,1
1,1,2,1,0,0.14475852197648498,-0.15113626362648155,0.3850060536000237,7,1,1
1,1,2,0,0,2.1120979792891617,-0.8921065602618321,2.1988343163883255,7,1,1
1,1,0,1,0,2.1120979792891617,-0.8921065602618321,-0.14847284722006504,7,1,0
1,1,2,0,0,1.865731441457154,1.5905194251709682,2.353543197626151,7,1,0
0,1,1,0,0,0.04826496132561537,-0.8921065602618321,0.0009012450095598114,11,1,0
1,0,0,0,0,-0.08005094379522187,-0.8921065602618321,-0.767308372171368,7,1,2
1,1,2,1,0,-0.23300350269925987,0.9302798449764625,1.0251807345841302,7,0,0
1,1,3,1,0,-0.8135046574659276,0.35828081531032197,-0.08445537912165439,7,0,0
1,1,1,0,0,2.1120979792891617,0.7913479143573343,2.353543197626151,7,1,1
1,0,0,0,1,0.8181603920506388,-0.8921065602618321,-0.340525251515297,7,1,2
1,1,1,0,0,0.2859060176094059,-0.8921065602618321,-0.3832035635809041,7,0,1
1,1,0,1,0,-1.1491790652620377,0.10920465140756054,-0.36186440754810056,7,1,0
1,1,2,0,0,-0.8720167102010293,-0.4540329051564728,-0.5965951239089397,7,0,2
1,1,0,0,1,-1.2005054273103726,0.010325169255208018,-0.9380216204337964,7,1,0
1,1,0,0,1,2.1120979792891617,-0.8921065602618321,-0.5112384997777254,8,1,0
1,1,3,1,0,-0.7103386697487744,-0.5529123873088253,-0.8953433083681893,7,1,2
1,1,0,0,0,-0.6277032268509553,-0.07854120078045058,-0.6819517480401538,7,0,2
0,1,0,0,0,-0.5543065291218363,0.5935889500526292,-0.5112384997777254,7,1,1
0,0,0,0,0,-1.1815146733524888,-0.1711624878598694,-1.151413180761832,7,1,1
1,1,0,0,0,-0.8345484659057448,0.6204991888662441,-0.19115115928567214,7,1,1
1,1,1,0,0,0.3700812513686752,0.735024158700931,1.1745548268137551,7,1,1
1,1,1,0,0,-0.597933936862921,-0.21434403386311196,0.2996494294688095,7,1,1
0,0,0,0,0,-0.013326673132386505,-0.8921065602618321,-1.1087348686962248,7,1,2
1,0,1,1,0,-1.1296750476836706,1.6280685956085705,-0.6819517480401538,7,1,0
0,0,0,0,0,-0.9633776346470655,-0.8921065602618321,-1.6422137695163137,7,1,2
1,0,0,0,0,0.5615285818089644,0.6098602572422569,1.4519638552402012,7,0,0
1,1,3,0,1,0.5877050264536151,-0.8921065602618321,0.3850060536000237,7,1,1
1,0,0,0,0,0.7540024394902202,-0.8921065602618321,0.3850060536000237,7,1,0
1,1,0,1,0,-0.24891467493424368,1.4353161873622124,-0.29784693944968993,12,1,0
1,1,0,1,0,-0.6800561161402568,0.44088899027304684,0.3850060536000237,4,1,2
1,1,0,1,0,-0.7657711407609761,0.6461577886652723,-0.29784693944968993,6,1,1
1,1,0,0,0,1.8431478421558867,0.4740574241595955,1.708033727633844,7,1,0
1,1,1,0,1,-0.37569078919363086,1.0779732486976978,1.708033727633844,7,1,0
1,1,1,0,0,-0.25250752027762713,0.4465213658386872,-0.14847284722006504,7,1,2
1,1,0,0,0,-1.063977304261802,0.4634184925356082,-0.5112384997777254,7,0,2
1,1,0,1,0,-0.3792836345370143,0.46467013155019493,0.3636668975672202,7,1,0
1,1,2,1,0,-0.6892948613089571,-0.8921065602618321,-1.1087348686962248,8,1,2
0,0,1,0,0,0.42243414065797674,-0.8921065602618321,0.42768436566563084,4,1,0
0,0,2,0,1,0.48505230235694535,-0.8921065602618321,1.1745548268137551,7,0,1
0,0,0,0,0,-0.8694503920986126,-0.8921065602618321,-1.2367698048930462,7,1,2
1,1,0,0,0,-0.8653442831347458,0.21434232863284677,-0.6392734359745468,7,1,2
1,1,1,0,0,-0.41213250624794867,1.4916399430186158,-0.6819517480401538,7,1,0
1,0,0,0,0,-0.937714453622898,0.8320261823314034,-0.04177706705604729,7,1,0
1,1,3,1,0,0.48299924787501197,-0.8921065602618321,-0.14847284722006504,7,0,2
1,0,0,0,0,2.1120979792891617,2.9105292209295097,-0.04177706705604729,7,1,1
1,0,0,0,1,-0.7077723516463577,0.9778421275307586,0.12893618120638112,7,1,2
1,1,0,0,0,-1.5736480794017673,0.10544973436380031,-2.2183709824020097,2,1,0
0,0,1,0,0,1.7250972094447166,-0.8921065602618321,-0.8526649963025822,7,1,1
0,1,0,0,0,-1.068596676846152,0.22685871877871416,-0.5965951239089397,7,1,2
1,0,0,0,0,-1.0306151689303842,0.8439167529699774,0.939824110452916,7,0,2
0,0,0,0,0,-1.0085448332496,2.369038892243921,-0.31918609548249344,7,0,1
1,1,2,1,0,0.989077177671594,2.9105292209295097,-0.6392734359745468,7,1,0
1,1,2,1,0,-0.8858748279540798,-0.19744690716619095,-0.532577655810529,7,1,1
1,0,0,0,0,0.04826496132561537,-0.8921065602618321,-1.4074830531554745,8,1,2
1,0,0,1,0,-0.2027209490907423,-0.8921065602618321,-0.5752559678761361,7,1,2
1,1,0,0,0,-0.18065061340995828,0.0572616323022108,-0.5752559678761361,7,0,1
1,1,0,0,0,-0.37415099833218085,-0.3739280082229214,-0.5752559678761361,7,1,1
1,1,0,0,0,-0.8725299738215126,0.17428988016607105,-0.14847284722006504,7,0,0
0,0,0,1,0,-1.0942598578703195,-0.8921065602618321,-1.4501613652210816,7,1,1
1,1,0,0,0,-0.5404484113687859,1.076095790175818,0.3850060536000237,2,0,1
1,1,2,0,1,0.3906117961880091,0.4634184925356082,0.3850060536000237,7,1,2
1,1,0,0,0,2.1120979792891617,-0.8921065602618321,-0.14847284722006504,7,1,2
1,1,0,1,1,-0.15190785066289073,-0.8921065602618321,-1.4501613652210816,7,1,1
1,0,0,0,0,-0.67441021631494,-0.8921065602618321,-1.962301110008367,2,1,0
1,1,3,0,0,-0.5117056486217183,-0.6186234355746293,0.21429280533759532,8,0,2
1,1,0,0,0,-0.19296894030155864,-0.8921065602618321,-1.3221264290242603,4,1,1
0,0,1,0,0,-0.10828044292180607,-0.8921065602618321,-0.02043791102324374,7,1,1
1,1,2,0,0,-0.11751918809050635,-0.25064156528612747,-0.2551686273840828,7,1,2
0,1,1,0,0,-0.2668789016511609,0.09981735879815999,-0.3832035635809041,7,1,2
1,0,0,0,0,-0.7087988788873244,-0.8921065602618321,-0.19115115928567214,7,0,0
0,1,0,0,0,-0.2083668489160591,-0.8921065602618321,-0.8526649963025822,7,1,0
1,1,0,0,0,-0.4649986591577336,1.7914074870121401,0.5983976139280592,7,1,2
1,1,0,0,0,-0.6323225994353053,1.4390711044059727,0.4063452096328273,7,1,0
0,0,1,0,0,-1.2261686083345402,1.9760242416636844,-1.0873957126634213,7,0,0
1,1,3,1,0,-0.7426742778392253,0.746914729339505,0.8331283302888983,7,1,1
1,1,0,0,0,-0.645154189947389,0.07791367604289202,-0.4685601877121183,7,1,1
1,0,0,0,0,-0.42188451503713226,-0.43025176387932473,-0.6819517480401538,7,0,0
1,1,1,0,0,2.1120979792891617,-0.8921065602618321,2.177495160355522,7,1,0
1,1,2,0,0,-0.6384817628811056,-0.19118871209325725,1.1105373587153444,7,1,0
1,0,0,0,0,-0.33873580851882973,1.1781043698646372,0.12893618120638112,7,0,1
0,1,1,1,0,-0.20734032167509242,-0.015959250051113538,-0.4258818756465112,8,0,2
0,0,1,1,0,-0.19758831288590878,1.345198178311967,-0.31918609548249344,7,1,0
1,1,2,0,0,0.8181603920506388,-0.4227419297918043,-1.7702487057131349,7,0,0
1,0,0,0,0,-0.37517752557314754,-0.8921065602618321,-0.7032909040729574,7,1,0
0,1,3,1,0,-1.3365202867384602,0.6373963155631651,-0.7032909040729574,7,1,2
0,0,0,0,1,-0.4649986591577336,1.5586026302990064,1.708033727633844,7,1,0
1,0,1,0,0,2.1120979792891617,-0.8921065602618321,2.3055300965523435,7,1,1
1,1,2,0,0,0.7329586310504029,-0.6167459770527491,-0.04177706705604729,7,0,1
0,0,0,0,0,-0.3792836345370143,-0.8921065602618321,-0.8099866842369752,7,0,1
1,1,3,0,0,-0.752426286628409,0.04474524215634339,-0.5112384997777254,7,1,1
1,1,0,0,0,1.1605072269130325,-0.8921065602618321,0.25697111740320244,7,1,2
0,0,0,0,0,0.7853115203397045,-0.8921065602618321,-0.4685601877121183,2,1,1
1,1,3,1,0,-0.31050630939224555,-0.322610808624865,0.939824110452916,7,0,1
1,0,0,0,0,2.1120979792891617,-0.8921065602618321,1.131876514748148,7,1,1
1,0,0,0,0,-1.063977304261802,0.3952041662406308,-0.2124903153184757,7,1,1
1,1,0,0,0,0.3906117961880091,-0.8921065602618321,-0.1271336911872615,7,1,0
0,0,0,0,0,0.6626415150441841,-0.8921065602618321,0.06491871310797047,7,0,2
1,0,0,1,0,2.1120979792891617,-0.8921065602618321,-0.2124903153184757,7,1,0
0,1,2,0,0,2.1120979792891617,2.9105292209295097,2.353543197626151,7,1,2
1,1,1,0,0,2.1120979792891617,-0.8921065602618321,2.353543197626151,7,1,2
1,1,0,1,0,-1.068596676846152,0.8163806946490691,0.17161449327198822,7,0,0
1,0,0,0,0,-1.1635504466355715,1.828330837942449,-0.5539168118433325,7,1,0
1,0,0,0,0,0.3818863146397922,-0.8921065602618321,0.19295364930479178,7,1,2
1,1,1,0,0,2.1013194432590114,1.6111714689116494,-0.14847284722006504,7,1,2
1,1,0,0,0,-0.293568609916295,0.3595324543249087,0.8117891742560948,7,1,1
1,1,2,0,0,-0.5507136837784529,0.8808401039002862,0.27831027343600595,7,1,2
1,0,0,1,0,-0.4968210036277012,-0.8921065602618321,-0.8953433083681893,7,1,0
0,1,0,0,0,-1.0254825327255506,0.3595324543249087,-0.9380216204337964,7,0,2
1,1,1,1,0,-1.2559378983225744,0.713120475945663,-0.08445537912165439,7,1,2
0,1,0,0,0,-0.8073454940201273,-0.8921065602618321,-1.0233782445650106,8,1,1
1,0,0,0,0,1.149215427262399,-0.8921065602618321,-0.5112384997777254,7,1,1
1,0,0,1,0,-0.22119843942814282,-0.8921065602618321,-1.0447174005978141,7,1,0
0,1,2,1,0,-0.2617462654463274,-0.8921065602618321,-0.31918609548249344,7,1,1
1,1,2,0,0,-0.06106018983733796,-0.8921065602618321,-0.08445537912165439,7,1,0
1,1,1,0,1,1.6737708473963815,-0.8921065602618321,-1.2154306488602427,7,1,2
1,1,1,0,0,1.0578545028163628,-0.8921065602618321,-0.14847284722006504,7,0,2
0,0,0,0,1,2.1120979792891617,-0.8921065602618321,0.9611632664857196,7,1,0
1,1,1,1,1,-1.8831460425532267,0.43775989273658,-1.3648047410898674,7,1,0
1,1,0,0,0,-0.8412208929720284,-0.4540329051564728,-0.767308372171368,7,1,1
1,0,2,1,0,-0.772956831447743,-0.21434403386311196,1.0251807345841302,7,0,1
1,1,2,0,1,1.6737708473963815,-0.8921065602618321,1.0891982026825409,7,1,0
1,1,2,1,0,-0.19502199478349205,-0.8921065602618321,-0.23382947135127924,7,1,0
1,1,1,0,0,1.327317903570121,-0.8921065602618321,0.6410759259936664,7,1,0
1,1,0,0,0,-0.27252480147647773,2.0492451240170086,0.0009012450095598114,7,1,1
1,0,0,0,0,0.5517765730197807,-0.8921065602618321,0.3209885855016131,7,1,2
0,0,3,0,0,-0.961324580165132,2.4072138821888167,0.4490235216984344,7,0,0
1,0,0,0,0,-1.1153036663101368,0.4271209611125927,-0.5965951239089397,11,1,2
1,1,2,0,0,0.3906117961880091,-0.8921065602618321,0.3636668975672202,7,1,0
0,0,0,0,0,-0.24224224786796014,-0.8921065602618321,0.04357955707516691,4,1,2
0,1,0,0,0,1.8580324871499039,-0.3420112133509595,0.705093394092077,2,1,1
0,1,0,0,0,0.022601780301447924,-0.8921065602618321,-0.2551686273840828,7,1,0
1,1,0,1,0,-1.3031581514070425,0.9227700108889421,-1.386143897122671,7,0,2
1,0,0,1,0,0.27153463623587215,-0.8921065602618321,-0.14847284722006504,7,1,0
1,0,0,0,0,-0.5933145642785709,0.821387250707416,-0.2551686273840828,7,1,2
1,1,1,0,0,-0.806832230399644,0.07290711998454506,0.34232774153441664,7,1,0
0,1,0,1,0,-1.33036112329266,0.21058741158908656,1.0465198906169337,7,1,2
1,1,3,0,0,-0.4306099965853492,-0.8921065602618321,-1.1087348686962248,1,1,2
1,0,1,0,0,2.1120979792891617,2.23699097620502,-1.962301110008367,7,1,1
1,1,0,0,0,0.5615285818089644,-0.8921065602618321,-0.8953433083681893,7,1,0
1,0,0,0,0,-0.7000733973391075,0.6198733693589508,-0.7886475282041716,9,0,1
1,1,1,1,0,-0.8412208929720284,-0.5053501047545292,-0.2124903153184757,7,1,1
1,1,2,0,0,0.41165560462782647,-0.4540329051564728,0.3850060536000237,7,1,2
1,1,3,0,1,1.3955819650944064,-0.009075235470886464,0.3850060536000237,7,1,0
1,1,1,0,0,-0.3792836345370143,0.14550218283057603,-0.5965951239089397,7,0,1
1,1,0,0,0,0.6518629790140338,-0.8921065602618321,0.23563196137039888,7,1,0
1,1,3,0,0,2.1120979792891617,-0.8921065602618321,2.353543197626151,7,1,2
0,1,1,1,0,-0.3171787364585291,0.8082450410542553,0.8331283302888983,7,1,2
0,1,0,0,0,0.2412520826273546,-0.8921065602618321,-0.40454271961370764,7,1,1
1,1,0,0,0,-1.3975986575759787,0.32886729846753354,-2.0689968901723845,7,1,1
1,0,2,0,0,-0.9438736170686982,-0.8921065602618321,-1.8342661738115456,7,1,2
0,0,0,1,0,-0.6282164904714386,0.3595324543249087,0.27831027343600595,7,0,2
1,1,0,0,0,-0.9993060880808998,0.08292023210123899,-0.27650778341688637,7,1,2
1,1,1,0,1,-0.9644041618880321,1.2075178867074257,-0.9593607764666,3,1,0
0,0,0,0,0,0.04826496132561537,0.5679303502536011,0.6410759259936664,7,0,0
1,1,0,0,1,-0.8294158297009113,2.1312274794724404,-0.2124903153184757,2,1,1
1,0,0,0,1,-0.1370232056688736,1.7832718334173263,1.1745548268137551,7,1,0
1,1,3,1,0,-0.36799183488638065,-0.8921065602618321,-1.0873957126634213,2,1,0
1,1,1,0,0,0.23663271004300443,-0.8921065602618321,-1.1087348686962248,7,1,2
1,0,0,0,0,1.3442556030460715,-0.8921065602618321,0.939824110452916,7,1,0
1,1,3,0,0,2.1018327068794944,-0.8921065602618321,2.353543197626151,7,1,2
1,1,0,0,0,-0.43522936916969934,0.3382545910769341,0.022240401042363363,7,0,0
1,0,0,1,0,-0.7036662426824909,-0.8921065602618321,-1.3221264290242603,7,1,2
1,1,2,1,0,-0.42137125141664894,-0.02847564019698095,0.06491871310797047,7,1,2
1,1,0,0,1,-0.8925472550203633,-0.7068639861029945,0.10759702517357757,4,1,0
1,1,2,0,0,2.1120979792891617,-0.8921065602618321,2.353543197626151,7,1,0
1,0,0,0,0,-1.0039254606652501,2.9105292209295097,-0.5539168118433325,7,0,0
1,1,0,0,0,0.8099481741229052,-0.322610808624865,-0.4898993437449219,7,1,2
1,1,0,0,0,0.45169016702552767,1.4666071627268809,-0.2551686273840828,7,1,0
1,1,3,1,0,0.5528031002607474,-0.7750783123979719,0.5557193018624521,2,0,1
1,1,3,0,0,1.7266370003061664,-0.1329874979149738,1.3879463871417905,7,1,2
1,1,1,0,0,-0.22992392097635977,0.319480005858133,-1.002039088532207,7,1,2
1,0,0,0,0,-0.8925472550203633,-0.8921065602618321,-1.5355179893522959,7,1,2
1,1,2,1,0,-0.5681646468748868,-0.8921065602618321,-1.194091492827439,7,0,0
1,0,0,0,0,-0.12265182429533983,0.7769540656895868,0.42768436566563084,7,1,1
0,1,0,0,0,2.1120979792891617,1.770755443271459,-0.767308372171368,7,0,2
1,1,1,0,0,-1.0111111513520168,0.4640443120429016,-0.7032909040729574,7,1,1
1,1,3,1,1,-0.1180324517109897,0.2199747041984871,-0.40454271961370764,7,1,2
1,1,0,0,0,-0.0415561722589707,-0.4484005295908325,-0.36186440754810056,7,1,2
1,0,0,0,0,-0.5075995396578515,0.3551517177738551,-0.1271336911872615,7,0,1
1,1,0,0,0,0.3906117961880091,0.6054795206912033,0.5557193018624521,7,1,0
1,0,0,0,1,2.1120979792891617,-0.8921065602618321,-0.7246300601057609,2,1,0
